City_ID,City,Cloudiness,Country,Date,Humidity,Lat,Lng,Max Temp,Wind Speed
0,Cabo San Lucas,40,MX,2021-05-29 17:12:46,54,22.8909,-109.9124,95.81,3.44
1,Takoradi,99,GH,2021-05-29 17:12:46,77,4.8845,-1.7554,82.35,8.46
2,Iqaluit,32,CA,2021-05-29 17:12:46,58,63.7506,-68.5145,36.05,18.43
3,Dali,44,CN,2021-05-29 17:15:49,75,25.7,100.1833,66.09,5.88
4,Ponta Do Sol,38,PT,2021-05-29 17:15:49,63,32.6667,-17.1,73.13,4.72
5,Shu,21,KZ,2021-05-29 17:15:49,43,43.5983,73.7614,74.7,9.69
6,Butaritari,100,KI,2021-05-29 17:15:50,81,3.0707,172.7902,82.33,15.86
7,Tiksi,93,RU,2021-05-29 17:12:04,98,71.6872,128.8694,29.8,8.05
8,Yellowknife,37,CA,2021-05-29 17:13:04,52,62.456,-114.3525,52.32,1.99
9,Ambon,99,ID,2021-05-29 17:12:49,81,-3.6954,128.1814,80.24,8.93
10,Saskylakh,16,RU,2021-05-29 17:12:49,96,71.9167,114.0833,29.79,6.58
11,Nyurba,11,RU,2021-05-29 17:12:50,56,63.2842,118.3319,51.15,2.8
12,Grande Prairie,16,CA,2021-05-29 17:12:50,45,55.1667,-118.8027,57.52,13.91
13,Puerto Ayora,55,EC,2021-05-29 17:12:50,82,-0.7393,-90.3518,77.56,10.0
14,Hermanus,23,ZA,2021-05-29 17:12:51,83,-34.4187,19.2345,59.9,5.39
15,Urumqi,20,CN,2021-05-29 17:15:51,52,43.801,87.6005,67.15,11.34
16,Bethel,90,US,2021-05-29 17:12:51,89,41.3712,-73.414,49.01,1.99
17,Vao,98,NC,2021-05-29 17:12:52,64,-22.6667,167.4833,68.88,22.79
18,Rikitea,72,PF,2021-05-29 17:12:52,85,-23.1203,-134.9692,77.0,19.01
19,Bluff,100,NZ,2021-05-29 17:11:48,87,-46.6,168.3333,49.8,19.75
20,Nantucket,90,US,2021-05-29 17:09:52,92,41.2835,-70.0995,49.03,27.63
21,Arman,100,RU,2021-05-29 17:12:53,99,59.7,150.1667,36.23,3.96
22,Jamestown,90,US,2021-05-29 17:12:53,82,42.097,-79.2353,49.59,5.99
23,Busselton,86,AU,2021-05-29 17:12:53,83,-33.65,115.3333,55.09,8.05
24,Kapaa,75,US,2021-05-29 17:12:54,84,22.0752,-159.319,73.38,1.01
25,Namanga,94,KE,2021-05-29 17:12:54,78,-2.5433,36.7905,66.27,5.23
26,Bredasdorp,8,ZA,2021-05-29 17:12:55,87,-34.5322,20.0403,58.28,7.05
27,Barrow,90,US,2021-05-29 17:12:55,86,71.2906,-156.7887,30.22,11.5
28,Dikson,49,RU,2021-05-29 17:12:55,92,73.5069,80.5464,22.33,1.45
29,Walvis Bay,66,NA,2021-05-29 17:12:56,66,-22.9575,14.5053,60.1,13.15
30,Punta Arenas,75,CL,2021-05-29 17:12:56,52,-53.15,-70.9167,37.51,20.74
31,Saint-Philippe,38,RE,2021-05-29 17:12:56,78,-21.3585,55.7679,71.19,5.3
32,Esperance,100,AU,2021-05-29 17:12:57,83,-33.8667,121.9,64.11,22.7
33,Bambous Virieux,75,MU,2021-05-29 17:12:57,88,-20.3428,57.7575,77.25,3.74
34,Thompson,75,CA,2021-05-29 17:12:57,48,55.7435,-97.8558,60.96,10.36
35,Castro,21,BR,2021-05-29 17:12:58,58,-24.7911,-50.0119,74.88,13.51
36,Hilo,75,US,2021-05-29 17:11:39,82,19.7297,-155.09,79.29,5.75
37,Mayo,90,US,2021-05-29 17:12:58,93,38.8876,-76.5119,54.43,13.0
38,Port Elizabeth,75,ZA,2021-05-29 17:12:59,94,-33.918,25.5701,56.1,11.5
39,Sandwick,90,GB,2021-05-29 17:12:59,87,60.0,-1.25,46.22,7.09
40,Albany,100,US,2021-05-29 17:11:52,84,42.6001,-73.9662,49.35,4.94
41,Ushuaia,75,AR,2021-05-29 17:11:53,93,-54.8,-68.3,29.86,13.8
42,Gladstone,93,AU,2021-05-29 17:13:00,48,-23.85,151.25,62.53,5.75
43,Vaini,40,TO,2021-05-29 17:13:00,100,-21.2,-175.2,71.76,0.0
44,Mahebourg,75,MU,2021-05-29 17:13:00,88,-20.4081,57.7,77.29,6.91
45,Hofn,82,IS,2021-05-29 17:13:01,90,64.2539,-15.2082,46.9,20.85
46,Tual,89,ID,2021-05-29 17:13:01,82,-5.6667,132.75,81.03,17.81
47,Riyadh,0,SA,2021-05-29 17:09:59,10,24.6877,46.7219,105.85,8.05
48,Bitam,100,GA,2021-05-29 17:13:02,94,2.076,11.5007,73.13,2.44
49,Hithadhoo,66,MV,2021-05-29 17:11:53,71,-0.6,73.0833,83.75,16.37
50,Mataura,100,NZ,2021-05-29 17:11:36,97,-46.1927,168.8643,49.48,3.49
51,Kavaratti,54,IN,2021-05-29 17:13:03,75,10.5669,72.642,83.71,16.98
52,Isiro,99,CD,2021-05-29 17:13:03,66,2.7739,27.616,74.41,0.78
53,Tiarei,66,PF,2021-05-29 17:13:03,73,-17.5333,-149.3333,73.42,13.09
54,Lebu,100,CL,2021-05-29 17:13:04,70,-37.6167,-73.65,53.17,3.85
55,Lodja,90,CD,2021-05-29 17:12:27,50,-3.4833,23.4333,80.04,2.77
56,George Town,20,MY,2021-05-29 17:10:13,81,5.4112,100.3354,84.13,4.41
57,Nishihara,90,JP,2021-05-29 17:13:04,97,26.1842,127.7558,69.85,13.71
58,Barranca,90,PE,2021-05-29 17:13:05,76,-10.75,-77.7667,67.51,9.51
59,Kruisfontein,50,ZA,2021-05-29 17:13:05,85,-34.0033,24.7314,53.89,18.32
60,Beidao,84,CN,2021-05-29 17:13:06,72,34.5686,105.8933,65.73,4.47
61,Victor Harbor,0,AU,2021-05-29 17:11:17,88,-35.5667,138.6167,49.8,6.53
62,Saveh,39,IR,2021-05-29 17:13:06,11,35.0213,50.3566,89.83,4.32
63,Qaanaaq,36,GL,2021-05-29 17:13:07,94,77.484,-69.3632,32.27,5.84
64,Araouane,20,ML,2021-05-29 17:13:07,12,18.9048,-3.5265,108.0,10.83
65,Ketchikan,100,US,2021-05-29 17:08:24,76,55.3422,-131.6461,51.78,5.1
66,Kodiak,90,US,2021-05-29 17:13:07,93,57.79,-152.4072,45.91,9.22
67,Carnarvon,75,AU,2021-05-29 17:11:06,94,-24.8667,113.6333,62.67,8.05
68,Cape Town,50,ZA,2021-05-29 17:08:46,81,-33.9258,18.4232,62.35,1.99
69,Sao Filipe,4,CV,2021-05-29 17:13:08,75,14.8961,-24.4956,74.82,15.32
70,Qui Nhon,41,VN,2021-05-29 17:08:52,80,13.7667,109.2333,82.15,4.09
71,Magaria,53,NE,2021-05-29 17:13:09,21,12.9983,8.9099,98.89,21.99
72,Biltine,7,TD,2021-05-29 17:10:33,8,14.5333,20.9167,99.68,7.0
73,Arraial Do Cabo,75,BR,2021-05-29 17:13:09,51,-22.9661,-42.0278,89.46,6.91
74,Aguia Branca,46,BR,2021-05-29 17:13:09,39,-18.9831,-40.7403,89.28,5.35
75,Lompoc,90,US,2021-05-29 17:13:10,79,34.6391,-120.4579,60.48,12.66
76,Tautira,80,PF,2021-05-29 17:13:10,71,-17.7333,-149.15,73.42,11.05
77,Agdas,9,AZ,2021-05-29 17:13:11,36,40.65,47.4761,76.66,3.18
78,Ilulissat,40,GL,2021-05-29 17:13:11,25,69.2167,-51.1,60.82,19.57
79,Wellington,40,NZ,2021-05-29 17:13:11,90,-41.2866,174.7756,51.46,3.44
80,Mitsamiouli,37,KM,2021-05-29 17:13:12,73,-11.3847,43.2844,78.44,6.06
81,New Norfolk,44,AU,2021-05-29 17:11:34,75,-42.7826,147.0587,45.9,3.0
82,Harlingen,90,US,2021-05-29 17:12:57,94,26.1906,-97.6961,84.11,21.85
83,Pevek,3,RU,2021-05-29 17:13:13,63,69.7008,170.3133,40.6,9.69
84,Palaikastron,10,GR,2021-05-29 17:13:13,65,35.2,26.25,70.0,4.92
85,Am Timan,39,TD,2021-05-29 17:13:13,21,11.0297,20.2827,98.11,4.05
86,Ust-Omchug,100,RU,2021-05-29 17:10:04,92,61.15,149.6333,32.65,6.29
87,Constitucion,100,CL,2021-05-29 17:09:41,61,-35.3333,-72.4167,58.01,10.96
88,Zhuanghe,0,CN,2021-05-29 17:13:14,83,39.7008,122.9911,55.89,3.58
89,Hobart,90,AU,2021-05-29 17:11:50,76,-42.8794,147.3294,46.26,1.99
90,Asau,81,RO,2021-05-29 17:13:15,89,46.4333,26.4,61.72,2.26
91,Avera,76,US,2021-05-29 17:13:15,40,33.194,-82.5271,83.71,14.12
92,Salalah,75,OM,2021-05-29 17:12:54,89,17.0151,54.0924,84.29,8.05
93,Port Alfred,78,ZA,2021-05-29 17:13:16,65,-33.5906,26.891,64.35,33.33
94,Roma,90,US,2021-05-29 17:10:04,66,43.2128,-75.4557,58.86,10.36
95,San Antero,100,CO,2021-05-29 17:13:16,80,9.3741,-75.7589,81.21,5.86
96,Avarua,20,CK,2021-05-29 17:13:17,73,-21.2078,-159.775,71.65,3.44
97,Mayenne,100,FR,2021-05-29 17:13:17,73,48.3333,-0.6667,67.44,6.67
98,Luderitz,54,NA,2021-05-29 17:13:17,64,-26.6481,15.1594,63.72,19.35
99,Havoysund,97,NO,2021-05-29 17:13:18,88,70.9963,24.6622,41.88,21.03
100,Lagarto,69,BR,2021-05-29 17:13:18,45,-10.9172,-37.65,80.89,12.44
101,Airai,87,TL,2021-05-29 17:13:18,93,-8.9266,125.4092,56.98,2.91
102,Ostrovnoy,96,RU,2021-05-29 17:13:19,78,68.0531,39.5131,35.73,17.98
103,Guerrero Negro,82,MX,2021-05-29 17:13:19,65,27.9769,-114.0611,65.68,16.04
104,Vanimo,94,PG,2021-05-29 17:13:20,90,-2.6741,141.3028,78.12,3.49
105,Thinadhoo,96,MV,2021-05-29 17:13:20,73,0.5333,72.9333,83.86,20.07
106,Joshimath,69,IN,2021-05-29 17:13:20,89,30.5667,79.5667,66.97,0.81
107,Hervey Bay,98,AU,2021-05-29 17:13:21,67,-25.2986,152.8535,60.04,3.0
108,Santa Cruz Do Sul,56,BR,2021-05-29 17:11:13,58,-29.7175,-52.4258,70.99,7.74
109,Khatanga,98,RU,2021-05-29 17:13:21,84,71.9667,102.5,36.34,9.89
110,Valdemarpils,6,LV,2021-05-29 17:13:21,54,57.3707,22.5919,54.82,12.17
111,Bengkulu,100,ID,2021-05-29 17:13:22,88,-3.8004,102.2655,75.7,4.92
112,Atuona,12,PF,2021-05-29 17:13:22,71,-9.8,-139.0333,78.64,11.01
113,Plerin,0,FR,2021-05-29 17:13:23,80,48.5425,-2.7798,65.68,3.0
114,Kaitangata,100,NZ,2021-05-29 17:13:23,94,-46.2817,169.8464,49.03,12.26
115,Edd,50,ER,2021-05-29 17:13:23,48,13.9297,41.6925,93.63,10.78
116,Norman Wells,100,CA,2021-05-29 17:13:24,67,65.282,-126.8329,37.98,2.95
117,Inirida,65,CO,2021-05-29 17:13:24,71,3.8653,-67.9239,86.45,0.38
118,Fortuna,90,US,2021-05-29 17:11:24,90,40.5982,-124.1573,52.66,4.61
119,Douentza,71,ML,2021-05-29 17:13:25,13,14.9951,-2.9517,107.02,14.56
120,Vitim,99,RU,2021-05-29 17:13:25,66,59.4511,112.5578,45.55,6.93
121,Nikolskoye,2,RU,2021-05-29 17:13:25,48,59.7035,30.7861,53.49,7.45
122,Longyearbyen,75,SJ,2021-05-29 17:13:26,69,78.2186,15.6401,35.44,9.22
123,Kulhudhuffushi,36,MV,2021-05-29 17:13:26,72,6.6221,73.07,83.68,21.72
124,Rawson,0,AR,2021-05-29 17:13:23,39,-43.3002,-65.1023,48.34,27.42
125,Gat,0,IL,2021-05-29 17:13:27,35,31.61,34.7642,76.82,7.49
126,Tuktoyaktuk,100,CA,2021-05-29 17:13:27,75,69.4541,-133.0374,31.77,7.99
127,Upernavik,92,GL,2021-05-29 17:13:27,94,72.7868,-56.1549,31.51,14.76
128,Namibe,9,AO,2021-05-29 17:13:28,69,-15.1961,12.1522,75.07,7.34
129,Cartagena Del Chaira,82,CO,2021-05-29 17:13:28,61,1.3349,-74.8429,86.65,2.17
130,Faanui,74,PF,2021-05-29 17:13:28,70,-16.4833,-151.75,79.12,3.71
131,Mar Del Plata,40,AR,2021-05-29 17:12:13,54,-38.0023,-57.5575,48.99,11.99
132,Lisieux,65,FR,2021-05-29 17:13:29,80,49.1667,0.1667,66.56,9.93
133,Sur,13,OM,2021-05-29 17:12:55,49,22.5667,59.5289,91.0,10.11
134,Kargasok,50,RU,2021-05-29 17:13:29,58,59.0556,80.8572,44.53,7.16
135,Matamoros,1,MX,2021-05-29 17:13:30,36,25.5333,-103.25,89.71,3.49
136,Sept-Iles,31,CA,2021-05-29 17:13:30,65,50.2001,-66.3821,53.26,5.99
137,Chuy,45,UY,2021-05-29 17:13:30,57,-33.6971,-53.4616,57.83,17.47
138,Leningradskiy,79,RU,2021-05-29 17:13:31,80,69.3833,178.4167,29.89,7.7
139,Maldonado,93,UY,2021-05-29 17:13:31,67,-34.6667,-54.9167,52.99,19.71
140,Cherepanovo,46,RU,2021-05-29 17:13:32,69,54.2222,83.381,45.86,2.89
141,Port-Gentil,100,GA,2021-05-29 17:13:32,86,-0.7193,8.7815,79.16,12.06
142,Mukacheve,100,UA,2021-05-29 17:13:32,89,48.4392,22.7178,52.39,6.24
143,Berlevag,95,NO,2021-05-29 17:12:58,79,70.8578,29.0864,39.92,15.7
144,Pangnirtung,75,CA,2021-05-29 17:13:33,75,66.1451,-65.7125,33.8,16.11
145,Souillac,75,MU,2021-05-29 17:13:33,88,-20.5167,57.5167,77.38,5.61
146,Port Hedland,100,AU,2021-05-29 17:13:34,83,-20.3167,118.5667,69.85,5.75
147,Listvyanskiy,46,RU,2021-05-29 17:13:34,71,54.4399,83.4984,51.19,3.13
148,Cap Malheureux,11,MU,2021-05-29 17:13:34,89,-19.9842,57.6142,77.49,1.99
149,Quchan,0,IR,2021-05-29 17:13:35,22,37.106,58.5095,77.49,7.23
150,Cayenne,75,GF,2021-05-29 17:13:35,81,4.9333,-52.3333,86.04,1.99
151,Rosetta,0,EG,2021-05-29 17:13:35,75,31.4044,30.4164,71.85,7.58
152,Balaipungut,95,ID,2021-05-29 17:13:36,88,1.05,101.2833,81.01,2.75
153,Seoul,0,KR,2021-05-29 17:10:12,93,37.5683,126.9778,54.91,2.73
154,Atar,100,MR,2021-05-29 17:13:36,8,20.5169,-13.0499,108.7,18.05
155,Lorengau,93,PG,2021-05-29 17:13:36,77,-2.0226,147.2712,82.35,11.77
156,Davila,97,PH,2021-05-29 17:13:37,76,18.4726,120.5763,83.08,1.61
157,Muli,98,MV,2021-05-29 17:13:37,73,2.9167,73.5667,84.15,19.6
158,Port Said,0,EG,2021-05-29 17:13:38,73,31.2565,32.2841,73.78,14.34
159,Ancud,100,CL,2021-05-29 17:13:21,72,-41.8697,-73.8203,48.42,8.25
160,Samana,20,DO,2021-05-29 17:13:38,65,19.2056,-69.3369,84.22,7.0
161,Pandan,74,PH,2021-05-29 17:13:38,84,14.0453,124.1694,80.82,5.03
162,Sao Francisco,100,BR,2021-05-29 17:13:39,29,-15.9486,-44.8644,91.58,3.27
163,Provideniya,7,RU,2021-05-29 17:13:39,52,64.3833,-173.3,40.3,12.57
164,Naze,100,JP,2021-05-29 17:13:40,87,28.3667,129.4833,66.63,6.73
165,Lagoa,67,PT,2021-05-29 17:13:40,71,39.05,-27.9833,63.43,5.75
166,Benjamin Constant,20,BR,2021-05-29 17:13:41,70,-4.3831,-70.0311,89.73,2.35
167,Bontang,26,ID,2021-05-29 17:13:41,88,0.1333,117.5,79.09,5.77
168,East London,34,ZA,2021-05-29 17:13:41,63,-33.0153,27.9116,65.37,19.71
169,Amapa,82,BR,2021-05-29 17:10:49,82,1.0,-52.0,81.82,3.18
170,Heyang,100,CN,2021-05-29 17:13:42,97,26.1011,107.473,63.01,2.57
171,Sao Gabriel Da Cachoeira,51,BR,2021-05-29 17:13:42,72,-0.1303,-67.0892,85.33,1.9
172,Mount Gambier,0,AU,2021-05-29 17:13:43,93,-37.8333,140.7667,37.31,2.3
173,Miedzyrzec Podlaski,70,PL,2021-05-29 17:13:43,77,51.9864,22.7825,55.22,10.49
174,Labuhan,54,ID,2021-05-29 17:13:43,85,-6.8844,112.2051,78.53,6.15
175,Hamilton,90,US,2021-05-29 17:10:58,81,39.1834,-84.5333,52.88,1.99
176,Saint-Georges,20,GD,2021-05-29 17:13:44,65,12.0564,-61.7485,83.88,20.71
177,Broome,90,US,2021-05-29 17:13:44,92,42.2506,-75.833,48.63,3.0
178,Copiapo,0,CL,2021-05-29 17:13:44,22,-27.3667,-70.3333,58.69,5.41
179,Kahului,20,US,2021-05-29 17:09:00,71,20.8947,-156.47,77.85,3.44
180,Moindou,78,NC,2021-05-29 17:13:45,69,-21.6924,165.677,66.15,12.91
181,Gamba,64,GA,2021-05-29 17:13:45,84,-2.65,10.0,78.82,6.71
182,Fort Nelson,100,CA,2021-05-29 17:13:46,41,58.8053,-122.7002,59.61,3.42
183,Alofi,89,NU,2021-05-29 17:13:46,82,-19.0595,-169.9187,78.24,15.37
184,Launceston,57,AU,2021-05-29 17:13:46,94,-41.45,147.1667,33.44,1.88
185,Clyde River,78,CA,2021-05-29 17:13:47,80,70.4692,-68.5914,32.54,3.36
186,Steamboat Springs,1,US,2021-05-29 17:12:49,34,40.485,-106.8317,69.73,3.44
187,Salmon Creek,1,US,2021-05-29 17:13:47,66,45.7107,-122.649,65.41,1.01
188,Ranghulu,29,CN,2021-05-29 17:13:48,52,46.65,124.8667,58.5,4.12
189,Touros,63,BR,2021-05-29 17:13:48,64,-5.1989,-35.4608,86.9,18.23
190,San Isidro,90,PE,2021-05-29 17:13:48,86,-12.1167,-77.05,65.79,7.85
191,Misratah,21,LY,2021-05-29 17:09:50,74,32.3754,15.0925,73.44,14.41
192,Inta,99,RU,2021-05-29 17:10:40,70,66.0317,60.1659,42.87,10.45
193,Presidencia Roque Saenz Pena,6,AR,2021-05-29 17:13:49,26,-26.7852,-60.4388,73.9,13.09
194,Maraial,55,BR,2021-05-29 17:13:49,58,-8.7825,-35.8089,80.89,10.63
195,Hovd,60,MN,2021-05-29 17:13:50,55,48.0056,91.6419,50.85,10.47
196,Ribeira Grande,75,PT,2021-05-29 17:13:50,77,38.5167,-28.7,66.6,0.0
197,Beloha,17,MG,2021-05-29 17:13:50,74,-25.1667,45.05,66.16,4.27
198,Nushki,5,PK,2021-05-29 17:13:51,12,29.5542,66.0215,87.03,5.73
199,Fairbanks,90,US,2021-05-29 17:10:03,50,64.8378,-147.7164,44.02,13.8
200,Mount Vernon,90,US,2021-05-29 17:10:59,88,40.9126,-73.8371,51.19,1.99
201,Turka,100,UA,2021-05-29 17:13:51,96,49.1541,23.0297,51.8,4.99
202,Hotton,48,BE,2021-05-29 17:13:52,65,50.2667,5.45,68.13,11.05
203,Aykhal,25,RU,2021-05-29 17:09:57,61,66.0,111.5,50.36,7.14
204,Shaoguan,100,CN,2021-05-29 17:13:52,97,24.8,113.5833,76.37,2.39
205,Le Portel,35,FR,2021-05-29 17:13:53,77,50.7056,1.5757,67.41,16.78
206,Sao Joao Da Barra,1,BR,2021-05-29 17:13:53,62,-21.6403,-41.0511,89.69,8.55
207,Baykit,100,RU,2021-05-29 17:13:54,98,61.67,96.37,36.77,6.62
208,Moose Jaw,96,CA,2021-05-29 17:13:54,45,50.4001,-105.5344,61.29,15.68
209,Namioka,95,JP,2021-05-29 17:13:54,86,40.7072,140.5894,59.76,5.79
210,Comodoro Rivadavia,0,AR,2021-05-29 17:12:10,32,-45.8667,-67.5,49.86,16.11
211,Cubuk,40,TR,2021-05-29 17:13:55,67,40.2386,33.0322,60.76,6.08
212,Pacific Grove,90,US,2021-05-29 17:13:39,89,36.6177,-121.9166,65.57,3.0
213,Blackwater,99,AU,2021-05-29 17:13:55,60,-23.5833,148.8833,55.85,6.58
214,Matagami,0,CA,2021-05-29 17:13:56,26,49.7502,-77.6328,56.97,4.83
215,Tuatapere,100,NZ,2021-05-29 17:13:56,94,-46.1333,167.6833,49.82,7.09
216,Yatou,2,CN,2021-05-29 17:13:56,92,37.15,122.3833,55.98,7.23
217,Vanavara,100,RU,2021-05-29 17:13:57,93,60.34,102.2797,34.14,5.17
218,Nanortalik,88,GL,2021-05-29 17:13:57,84,60.1432,-45.2371,37.89,6.13
219,Tabou,99,CI,2021-05-29 17:13:57,74,4.423,-7.3528,83.68,8.23
220,Ruteng,100,ID,2021-05-29 17:13:58,94,-8.6136,120.4721,62.98,0.83
221,Texarkana,1,US,2021-05-29 17:13:58,64,33.4251,-94.0477,72.84,5.01
222,Awjilah,1,LY,2021-05-29 17:13:58,10,29.1081,21.2869,102.88,8.7
223,Xam Nua,88,LA,2021-05-29 17:13:59,86,20.4197,104.0439,71.04,3.44
224,Banes,3,CU,2021-05-29 17:13:59,60,20.9625,-75.7186,90.21,9.13
225,Laguna,1,US,2021-05-29 17:14:00,60,38.421,-121.4238,76.84,5.01
226,Sarangani,100,PH,2021-05-29 17:14:00,74,5.4033,125.4636,84.02,14.45
227,Mama,100,RU,2021-05-29 17:14:00,98,58.3106,112.8986,41.9,3.15
228,Victoria,100,HK,2021-05-29 17:12:38,88,22.2855,114.1577,86.97,1.01
229,Honolulu,20,US,2021-05-29 17:10:52,70,21.3069,-157.8583,75.96,1.01
230,Zlobin,40,HR,2021-05-29 17:14:01,70,45.2924,14.6541,53.15,11.39
231,Saint-Francois,0,FR,2021-05-29 17:14:02,38,46.4154,3.9054,74.64,9.22
232,Beringovskiy,22,RU,2021-05-29 17:14:02,89,63.05,179.3167,28.76,9.48
233,Ferme-Neuve,0,CA,2021-05-29 17:14:03,22,46.7001,-75.4493,59.0,6.26
234,Vila Velha,20,BR,2021-05-29 17:14:03,56,-20.3297,-40.2925,87.75,18.01
235,Alyangula,64,AU,2021-05-29 17:14:03,74,-13.8483,136.4192,74.05,13.09
236,Amli,97,IN,2021-05-29 17:14:04,68,20.2833,73.0167,85.37,7.56
237,Bereda,69,ES,2021-05-29 17:14:04,68,43.2686,-7.5406,68.41,7.81
238,Palmer,100,US,2021-05-29 17:09:20,81,42.1584,-72.3287,48.38,1.99
239,Torrington,100,US,2021-05-29 17:10:03,96,41.8007,-73.1212,48.04,5.99
240,Clarksdale,90,US,2021-05-29 17:14:05,82,34.2001,-90.5709,62.47,11.03
241,Severnyy,75,RU,2021-05-29 17:14:05,77,50.677,36.5532,68.04,2.24
242,Katsuura,49,JP,2021-05-29 17:14:06,86,35.1333,140.3,69.12,14.81
243,Neryungri,46,RU,2021-05-29 17:14:06,75,56.6709,124.6491,41.34,3.2
244,Serenje,0,ZM,2021-05-29 17:14:06,50,-13.2325,30.2352,55.74,5.73
245,Saint-Pierre,0,RE,2021-05-29 17:14:07,79,-21.3393,55.4781,71.28,2.3
246,Tynda,10,RU,2021-05-29 17:14:07,93,55.1667,124.7167,38.66,1.79
247,Shimoda,50,JP,2021-05-29 17:14:07,88,34.6667,138.95,69.17,10.92
248,Afzalpur,93,IN,2021-05-29 17:14:08,76,17.2,76.35,79.0,21.36
249,Zyryanka,5,RU,2021-05-29 17:14:08,54,65.75,150.85,47.61,18.01
250,Karratha,100,AU,2021-05-29 17:12:48,73,-20.7377,116.8463,71.01,10.58
251,Narsaq,100,GL,2021-05-29 17:14:09,74,60.9167,-46.05,44.82,6.4
252,Mount Pleasant,1,US,2021-05-29 17:14:09,72,32.7941,-79.8626,82.18,3.0
253,Caravelas,81,BR,2021-05-29 17:13:08,63,-17.7125,-39.2481,82.67,8.81
254,Coquimbo,0,CL,2021-05-29 17:14:10,77,-29.9533,-71.3436,60.53,7.16
255,Hualmay,70,PE,2021-05-29 17:14:10,76,-11.0964,-77.6139,68.59,10.51
256,Shellbrook,84,CA,2021-05-29 17:14:10,41,53.2168,-106.4011,58.39,18.77
257,Kavieng,90,PG,2021-05-29 17:14:11,81,-2.5744,150.7967,81.86,11.43
258,Hambantota,99,LK,2021-05-29 17:14:11,81,6.1241,81.1185,80.35,19.69
259,Sabla,99,NG,2021-05-29 17:14:11,11,12.7525,4.7077,103.71,3.65
260,Bagado,41,CO,2021-05-29 17:14:12,57,5.4116,-76.4152,88.45,3.22
261,Hirara,56,JP,2021-05-29 17:14:02,87,24.8,125.2833,80.82,7.09
262,Pangkalanbuun,100,ID,2021-05-29 17:14:12,98,-2.6833,111.6167,73.44,2.51
263,Saldanha,99,ZA,2021-05-29 17:14:13,85,-33.0117,17.9442,59.49,9.46
264,Altos,35,BR,2021-05-29 17:11:49,41,-5.0381,-42.46,88.11,3.31
265,Chokurdakh,9,RU,2021-05-29 17:14:13,59,70.6333,147.9167,45.09,9.1
266,Marawi,63,PH,2021-05-29 17:14:14,93,7.9986,124.2928,72.64,1.66
267,Gwadar,0,PK,2021-05-29 17:14:14,77,25.1216,62.3254,85.8,13.33
268,Celestun,4,MX,2021-05-29 17:09:19,51,20.8667,-90.4,88.56,2.75
269,Manuk Mangkaw,64,PH,2021-05-29 17:14:15,72,4.8,119.85,83.84,3.69
270,Coihaique,90,CL,2021-05-29 17:14:15,57,-45.5752,-72.0662,44.55,5.75
271,Talnakh,94,RU,2021-05-29 17:14:16,98,69.4865,88.3972,29.39,5.35
272,Severo-Kurilsk,67,RU,2021-05-29 17:14:16,83,50.6789,156.125,39.13,3.58
273,Port Macquarie,92,AU,2021-05-29 17:09:22,78,-31.4333,152.9167,52.9,15.03
274,Saint-Augustin,40,CA,2021-05-29 17:14:16,36,51.226,-58.6502,56.7,7.63
275,Ural,66,RU,2021-05-29 17:14:17,64,55.9078,94.7464,36.01,4.88
276,Gravdal,84,NO,2021-05-29 17:14:17,78,68.1214,13.5031,45.01,9.17
277,Kloulklubed,100,PW,2021-05-29 17:12:15,88,7.0419,134.2556,81.1,12.35
278,Kodinsk,100,RU,2021-05-29 17:14:18,80,58.6881,99.1844,36.48,7.76
279,Santa Isabel Do Rio Negro,36,BR,2021-05-29 17:14:18,52,-0.4139,-65.0192,91.44,3.83
280,Vardo,90,NO,2021-05-29 17:14:18,74,70.3705,31.1107,39.54,15.05
281,Tottori,70,JP,2021-05-29 17:11:10,86,35.5,134.2333,57.67,2.64
282,Viedma,5,AR,2021-05-29 17:14:19,40,-40.8135,-62.9967,51.89,16.93
283,Ishigaki,83,JP,2021-05-29 17:14:19,82,24.3448,124.1572,81.28,1.45
284,Georgetown,20,MY,2021-05-29 17:14:19,81,5.4112,100.3354,84.13,4.41
285,Hasaki,42,JP,2021-05-29 17:14:20,83,35.7333,140.8333,66.6,1.19
286,Nicoya,89,CR,2021-05-29 17:14:20,51,10.1483,-85.452,87.35,1.01
287,Geraldton,75,AU,2021-05-29 17:14:21,67,-28.7667,114.6,64.13,14.65
288,Maniitsoq,91,GL,2021-05-29 17:14:21,57,65.4167,-52.9,45.82,12.01
289,Quatre Cocos,23,MU,2021-05-29 17:14:22,87,-20.2078,57.7625,77.11,4.38
290,Filadelfia,90,US,2021-05-29 17:12:13,92,39.9523,-75.1638,51.37,4.0
291,Port Lincoln,0,AU,2021-05-29 17:14:22,65,-34.7333,135.8667,56.44,14.38
292,Barabai,52,ID,2021-05-29 17:14:23,98,-2.5833,115.3833,74.44,1.43
293,Conceicao Do Araguaia,11,BR,2021-05-29 17:14:23,37,-8.2578,-49.2647,91.8,2.21
294,Sompeta,71,IN,2021-05-29 17:14:24,78,18.9333,84.6,83.59,9.8
295,High Level,41,CA,2021-05-29 17:14:24,26,58.5169,-117.136,64.31,9.84
296,Kenai,90,US,2021-05-29 17:14:24,97,60.5544,-151.2583,47.03,8.05
297,Limulunga,0,ZM,2021-05-29 17:14:25,25,-15.0969,23.1376,64.4,3.51
298,Estevan,0,CA,2021-05-29 17:13:17,44,49.1334,-102.9842,62.94,12.84
299,Malartic,0,CA,2021-05-29 17:13:10,33,48.1335,-78.1328,55.02,6.38
300,Hashtrud,0,IR,2021-05-29 17:14:25,26,37.4779,47.0508,66.6,8.05
301,Egvekinot,61,RU,2021-05-29 17:12:39,63,66.3167,-179.1667,31.42,8.23
302,Garowe,75,SO,2021-05-29 17:14:26,43,8.4054,48.4845,85.68,16.37
303,Lavrentiya,12,RU,2021-05-29 17:14:26,85,65.5833,-171.0,28.72,11.43
304,Waingapu,95,ID,2021-05-29 17:14:27,86,-9.6567,120.2641,75.11,6.58
305,Zhigalovo,20,RU,2021-05-29 17:14:27,67,54.8097,105.1578,34.27,2.66
306,Ak-Dovurak,4,RU,2021-05-29 17:14:27,53,51.1833,90.6,45.36,1.66
307,Tura,27,IN,2021-05-29 17:14:28,67,25.5198,90.2201,79.5,2.84
308,Sicuani,80,PE,2021-05-29 17:14:28,32,-14.2694,-71.2261,59.09,7.72
309,Nemuro,84,JP,2021-05-29 17:14:28,97,43.3236,145.575,44.67,11.21
310,Grand Gaube,13,MU,2021-05-29 17:11:04,89,-20.0064,57.6608,77.4,1.99
311,Penzance,20,GB,2021-05-29 17:14:29,67,50.1186,-5.5371,65.41,8.05
312,Arlit,40,NE,2021-05-29 17:14:29,4,18.7369,7.3853,108.19,16.58
313,Kijang,53,KR,2021-05-29 17:14:30,69,35.2442,129.2139,62.33,4.16
314,Halifax,100,CA,2021-05-29 17:13:37,83,44.6453,-63.5724,48.09,5.01
315,Grand-Santi,98,GF,2021-05-29 17:14:30,93,4.25,-54.3833,79.79,2.26
316,Miri,98,MY,2021-05-29 17:14:31,87,4.4148,114.0089,78.31,3.42
317,Vostok,100,RU,2021-05-29 17:14:31,90,46.4856,135.8833,43.81,2.26
318,Micheweni,33,TZ,2021-05-29 17:14:31,79,-4.9667,39.8333,76.48,9.4
319,Qaqortoq,100,GL,2021-05-29 17:14:32,80,60.7167,-46.0333,45.1,7.54
320,Portland,20,US,2021-05-29 17:12:23,65,45.5234,-122.6762,65.88,1.99
321,Gushi,84,CN,2021-05-29 17:14:32,33,34.6425,109.5843,77.4,3.89
322,Sakakah,0,SA,2021-05-29 17:14:33,11,29.9697,40.2064,92.73,6.89
323,Aklavik,96,CA,2021-05-29 17:14:33,63,68.2191,-135.0107,33.66,9.91
324,Auki,100,SB,2021-05-29 17:14:33,91,-8.7676,160.7034,76.03,2.3
325,Riosucio,99,CO,2021-05-29 17:14:34,66,5.4216,-75.7032,68.43,2.53
326,Bay Roberts,58,CA,2021-05-29 17:14:34,48,47.5999,-53.2648,58.66,7.0
327,Lesogorsk,43,RU,2021-05-29 17:14:34,77,56.0458,99.5136,33.15,3.49
328,South Sioux City,40,US,2021-05-29 17:14:35,58,42.4739,-96.4136,56.55,5.01
329,Sao Joao Do Paraiso,92,BR,2021-05-29 17:14:35,26,-15.3136,-42.0144,86.2,4.63
330,Tasiilaq,100,GL,2021-05-29 17:12:00,96,65.6145,-37.6368,39.36,13.06
331,Chumikan,95,RU,2021-05-29 17:14:35,93,54.7183,135.315,35.08,4.88
332,Kokopo,99,PG,2021-05-29 17:14:36,88,-4.352,152.2633,77.61,11.77
333,Khandbari,79,NP,2021-05-29 17:14:36,88,27.3747,87.2039,72.37,1.74
334,Pisco,90,PE,2021-05-29 17:14:37,88,-13.7,-76.2167,66.02,8.05
335,San Patricio,100,US,2021-05-29 17:14:37,70,28.017,-97.5169,75.09,3.24
336,Foundiougne,1,SN,2021-05-29 17:14:37,15,14.1333,-16.4667,98.56,14.12
337,Mount Isa,0,AU,2021-05-29 17:14:38,33,-20.7333,139.5,58.77,8.05
338,Cherskiy,34,RU,2021-05-29 17:14:38,52,68.75,161.3,48.0,11.65
339,Stillwater,1,US,2021-05-29 17:11:48,68,36.1156,-97.0584,68.77,1.99
340,Kamaishi,58,JP,2021-05-29 17:14:38,86,39.2667,141.8833,56.46,5.75
341,Te Anau,100,NZ,2021-05-29 17:14:39,95,-45.4167,167.7167,45.81,7.78
342,Coahuayana,81,MX,2021-05-29 17:14:39,29,18.7333,-103.6833,94.48,6.71
343,Adrar,97,MR,2021-05-29 17:14:40,7,20.5022,-10.0711,109.44,14.23
344,Bayog,61,PH,2021-05-29 17:14:40,95,7.8667,123.0667,75.49,1.14
345,Dukat,98,RU,2021-05-29 17:14:40,94,62.55,155.55,27.81,5.55
346,Tezu,48,IN,2021-05-29 17:14:41,77,27.9167,96.1667,76.84,4.41
347,Poum,88,NC,2021-05-29 17:14:41,65,-20.2333,164.0167,70.9,20.2
348,Yerbogachen,68,RU,2021-05-29 17:13:51,81,61.2767,108.0108,37.76,5.7
349,Huanren,4,CN,2021-05-29 17:14:42,84,41.2647,125.3667,46.99,2.73
350,Pedernales,5,DO,2021-05-29 17:14:42,62,18.0384,-71.744,85.03,7.31
351,Batemans Bay,79,AU,2021-05-29 17:14:42,70,-35.7167,150.1833,51.91,9.53
352,Sitka,90,US,2021-05-29 17:14:43,71,57.0531,-135.33,49.89,8.05
353,Hammerfest,90,NO,2021-05-29 17:14:43,70,70.6634,23.6821,41.45,19.57
354,Praya,20,CV,2021-05-29 17:14:43,57,14.9215,-23.5087,79.34,24.16
355,The Valley,40,AI,2021-05-29 17:14:44,65,18.217,-63.0578,87.66,14.97
356,Cooma,42,AU,2021-05-29 17:14:44,94,-36.2333,149.1333,30.97,3.65
357,San Felipe,100,VE,2021-05-29 17:14:39,77,10.3399,-68.7425,80.19,0.96
358,Campo Maior,48,BR,2021-05-29 17:14:44,40,-4.8278,-42.1686,92.62,3.18
359,Vagamo,2,NO,2021-05-29 17:14:45,38,61.8751,9.0967,68.25,5.1
360,Zykovo,97,RU,2021-05-29 17:14:45,63,55.9519,93.1461,32.74,3.47
361,Najran,69,SA,2021-05-29 17:14:46,14,17.4924,44.1277,86.27,5.55
362,Martigues,0,FR,2021-05-29 17:13:06,36,43.4,5.05,84.29,15.28
363,Talovaya,93,RU,2021-05-29 17:14:46,90,51.1144,40.73,61.0,4.43
364,Xiuyan,1,CN,2021-05-29 17:14:47,82,40.2928,123.2744,51.71,1.66
365,Necochea,96,AR,2021-05-29 17:12:07,54,-38.5473,-58.7368,51.04,22.91
366,Kanigoro,72,ID,2021-05-29 17:14:47,94,-8.13,112.219,73.76,2.64
367,Margate,0,GB,2021-05-29 17:14:47,65,51.3813,1.3862,62.74,4.0
368,Galle,84,LK,2021-05-29 17:14:48,86,6.0367,80.217,80.31,13.58
369,Astoria,1,US,2021-05-29 17:13:27,72,46.1879,-123.8313,63.72,6.91
370,Ambilobe,43,MG,2021-05-29 17:14:48,81,-13.2,49.05,73.6,3.0
371,Sirjan,5,IR,2021-05-29 17:14:49,9,29.452,55.6814,82.87,6.22
372,San Andres,20,CO,2021-05-29 17:10:04,70,12.5847,-81.7006,87.82,13.8
373,Mitu,29,CO,2021-05-29 17:10:00,63,1.1983,-70.1733,86.18,2.71
374,Qasigiannguit,97,GL,2021-05-29 17:14:49,37,68.8193,-51.1922,61.05,21.3
375,Kuching,40,MY,2021-05-29 17:14:18,100,1.55,110.3333,75.42,2.3
376,Kaeo,44,NZ,2021-05-29 17:14:50,96,-35.1,173.7833,46.33,8.9
377,Fare,74,PF,2021-05-29 17:14:50,69,-16.7,-151.0167,79.39,5.68
378,Tateyama,31,JP,2021-05-29 17:14:51,86,34.9833,139.8667,69.03,14.29
379,Okakarara,1,NA,2021-05-29 17:14:51,23,-20.5833,17.4333,63.12,5.75
380,Trelew,0,AR,2021-05-29 17:14:51,34,-43.249,-65.3051,48.4,26.42
381,Bainbridge,1,US,2021-05-29 17:14:52,70,47.6262,-122.5212,62.76,1.01
382,Srednekolymsk,50,RU,2021-05-29 17:14:52,50,67.45,153.6833,47.86,9.57
383,Nybro,1,SE,2021-05-29 17:14:52,39,56.7446,15.9071,65.73,7.99
384,Serro,58,BR,2021-05-29 17:14:53,43,-18.6047,-43.3794,83.8,2.1
385,Rocha,63,UY,2021-05-29 17:12:06,63,-34.4833,-54.3333,52.74,18.66
386,Alice Springs,2,AU,2021-05-29 17:14:53,70,-23.7,133.8833,40.55,5.7
387,Leticia,40,CO,2021-05-29 17:14:54,66,-4.2153,-69.9406,89.65,4.61
388,Taoudenni,37,ML,2021-05-29 17:14:54,4,22.6783,-3.9836,114.24,21.16
389,College,75,US,2021-05-29 17:13:23,50,64.8569,-147.8028,44.01,14.97
390,Snezhnogorsk,91,RU,2021-05-29 17:14:55,63,69.1933,33.2531,37.18,16.46
391,Dingle,93,PH,2021-05-29 17:14:55,90,10.9995,122.6711,78.24,2.68
392,Acari,68,PE,2021-05-29 17:12:33,54,-15.4311,-74.6158,76.32,7.72
393,Puerto Escondido,75,MX,2021-05-29 17:14:55,66,15.85,-97.0667,86.83,10.36
394,Ijuin,100,JP,2021-05-29 17:14:56,80,31.6167,130.4,61.59,3.58
395,Cilegon,100,ID,2021-05-29 17:14:56,85,-6.0174,106.0538,75.09,6.62
396,Lujan,0,AR,2021-05-29 17:14:57,47,-34.5703,-59.105,56.21,13.91
397,Kiruna,47,SE,2021-05-29 17:14:57,46,67.8557,20.2251,49.12,11.5
398,Chegdomyn,99,RU,2021-05-29 17:14:57,93,51.1167,133.0167,47.08,1.57
399,Arauco,100,CL,2021-05-29 17:14:58,68,-37.2463,-73.3175,53.62,4.99
400,Kisangani,94,CD,2021-05-29 17:14:58,64,0.5167,25.2,79.59,1.23
401,Cocorit,37,MX,2021-05-29 17:14:58,19,27.5833,-109.9667,88.14,13.04
402,Borba,23,BR,2021-05-29 17:14:59,48,-4.3878,-59.5939,91.98,2.17
403,Bara,95,NG,2021-05-29 17:14:59,29,10.3744,10.7288,96.22,8.43
404,Axim,86,GH,2021-05-29 17:12:52,73,4.8699,-2.2405,83.68,10.09
405,Cabras,7,IT,2021-05-29 17:14:59,60,39.93,8.5314,77.92,10.65
406,Galich,100,RU,2021-05-29 17:15:00,80,58.3797,42.3475,48.52,11.03
407,Marfino,75,RU,2021-05-29 17:15:00,87,55.7028,37.3822,54.09,11.36
408,Biak,92,ID,2021-05-29 17:15:01,86,-0.9131,122.8766,76.69,5.08
409,Chara,45,RU,2021-05-29 17:15:01,69,56.9064,118.2631,47.01,2.8
410,Miracema Do Tocantins,14,BR,2021-05-29 17:15:01,31,-9.5618,-48.3967,93.24,2.95
411,Kudahuvadhoo,67,MV,2021-05-29 17:15:02,73,2.6708,72.8944,84.18,20.0
412,Las Colinas,100,PA,2021-05-29 17:15:02,91,8.55,-80.0833,79.74,1.48
413,Impfondo,100,CG,2021-05-29 17:15:03,91,1.6381,18.0667,74.66,1.21
414,Kitakata,97,JP,2021-05-29 17:15:04,88,37.65,139.8667,55.85,3.13
415,Maswa,98,TZ,2021-05-29 17:15:04,67,-2.6833,33.9833,72.36,0.78
416,Samarai,98,PG,2021-05-29 17:15:04,75,-10.6167,150.6667,77.95,12.28
417,Zhifang,95,CN,2021-05-29 17:15:05,88,30.35,114.3167,69.78,6.2
418,Bosaso,8,SO,2021-05-29 17:15:05,50,11.2842,49.1816,89.1,1.97
419,Terra Rica,93,BR,2021-05-29 17:15:05,30,-22.7094,-52.6169,89.44,17.0
420,Reconquista,0,AR,2021-05-29 17:15:06,29,-29.15,-59.65,70.16,13.13
421,Klaksvik,56,FO,2021-05-29 17:15:06,83,62.2266,-6.589,50.92,10.38
422,Villers-Les-Nancy,0,FR,2021-05-29 17:15:07,35,48.671,6.1508,68.9,12.66
423,Japura,99,ID,2021-05-29 17:15:07,92,-0.3167,102.35,75.88,2.77
424,Husavik,66,IS,2021-05-29 17:15:07,55,66.0449,-17.3389,58.91,13.24
425,Akranes,88,IS,2021-05-29 17:15:08,80,64.3218,-22.0749,48.76,28.5
426,Saint-Joseph,20,RE,2021-05-29 17:15:08,79,-21.3667,55.6167,70.16,5.57
427,Capinzal,42,BR,2021-05-29 17:15:08,81,-27.3436,-51.6119,71.35,7.7
428,Cozumel,40,MX,2021-05-29 17:15:09,73,20.5083,-86.9458,89.67,5.01
429,Cidreira,12,BR,2021-05-29 17:11:13,62,-30.1811,-50.2056,65.84,14.2
430,Ahipara,56,NZ,2021-05-29 17:15:09,78,-35.1667,173.1667,54.72,12.97
431,Winneba,100,GH,2021-05-29 17:15:09,73,5.3511,-0.6231,83.34,9.06
432,Bilma,15,NE,2021-05-29 17:15:10,6,18.6853,12.9164,100.78,2.04
433,Boyolangu,90,ID,2021-05-29 17:15:10,91,-8.1181,111.8935,75.88,2.57
434,Puerto Carreno,61,CO,2021-05-29 17:15:10,64,6.189,-67.4859,87.08,6.85
435,Port Shepstone,60,ZA,2021-05-29 17:15:11,63,-30.7414,30.455,65.73,2.39
436,Lerwick,11,GB,2021-05-29 17:15:11,79,60.1545,-1.1494,46.4,7.34
437,Guaymas,20,MX,2021-05-29 17:15:11,51,27.9333,-110.9,87.46,6.91
438,Dunmore Town,2,BS,2021-05-29 17:11:14,70,25.5,-76.65,78.17,10.76
439,Dunedin,100,NZ,2021-05-29 17:15:12,96,-45.8742,170.5036,49.8,1.01
440,Sorong,100,ID,2021-05-29 17:15:12,86,-0.8833,131.25,80.06,13.02
441,Ibra,32,OM,2021-05-29 17:15:13,37,22.6906,58.5334,89.11,7.52
442,Olafsvik,60,IS,2021-05-29 17:15:13,87,64.8945,-23.7142,46.29,25.14
443,Taltal,36,CL,2021-05-29 17:15:13,62,-25.4,-70.4833,69.73,4.79
444,Nelson Bay,99,AU,2021-05-29 17:15:14,73,-32.7167,152.15,53.01,20.85
445,Chimbote,99,PE,2021-05-29 17:14:55,84,-9.0853,-78.5783,67.62,8.52
446,Tchollire,89,CM,2021-05-29 17:15:14,46,8.4022,14.1698,86.68,1.21
447,Khanpur,49,PK,2021-05-29 17:15:15,16,28.6453,70.6567,103.32,8.01
448,Honiara,100,SB,2021-05-29 17:15:15,92,-9.4333,159.95,76.08,2.77
449,Riviere-Au-Renard,6,CA,2021-05-29 17:15:15,64,48.9957,-64.3971,53.89,13.09
450,Almaznyy,64,RU,2021-05-29 17:15:16,89,48.0448,40.045,78.94,7.49
451,Sorland,50,NO,2021-05-29 17:15:16,82,67.667,12.6934,44.78,8.95
452,Niamey,20,NE,2021-05-29 17:15:16,17,13.5137,2.1098,104.29,6.91
453,Contamana,100,PE,2021-05-29 17:15:17,44,-7.3333,-75.0167,91.98,2.51
454,Evensk,100,RU,2021-05-29 17:15:17,81,61.95,159.2333,39.63,3.69
455,Yalutorovsk,11,RU,2021-05-29 17:14:02,53,56.6536,66.3006,65.01,8.43
456,Oistins,20,BB,2021-05-29 17:15:18,51,13.0667,-59.5333,86.09,19.57
457,Kichmengskiy Gorodok,100,RU,2021-05-29 17:15:18,78,59.9816,45.7854,45.3,8.79
458,San Vicente De Canete,14,PE,2021-05-29 17:15:18,75,-13.0751,-76.3835,68.92,6.96
459,Deniliquin,0,AU,2021-05-29 17:15:19,87,-35.5333,144.9667,39.99,3.11
460,Omboue,91,GA,2021-05-29 17:15:19,87,-1.5746,9.2618,78.28,6.98
461,Nagato,45,JP,2021-05-29 17:15:19,64,34.3833,131.2,61.97,3.22
462,San Cristobal,62,VE,2021-05-29 17:14:00,76,7.7669,-72.225,71.78,5.21
463,Barcelos,1,PT,2021-05-29 17:15:20,62,41.5388,-8.6151,82.29,10.04
464,Port Hawkesbury,100,CA,2021-05-29 17:14:06,50,45.6169,-61.3485,53.87,4.0
465,Daru,96,PG,2021-05-29 17:15:20,73,-9.0763,143.2092,76.75,12.35
466,Tessalit,58,ML,2021-05-29 17:15:21,4,20.1986,1.0114,107.55,14.43
467,Namatanai,100,PG,2021-05-29 17:12:43,84,-3.6667,152.4333,79.61,6.85
468,Sobolevo,94,RU,2021-05-29 17:15:21,82,54.4299,31.8996,55.38,7.25
469,Isangel,77,VU,2021-05-29 17:15:21,68,-19.55,169.2667,70.34,2.84
470,Diamantino,21,BR,2021-05-29 17:15:22,26,-14.4086,-56.4461,92.86,8.77
471,Pizarro,47,CO,2021-05-29 17:15:22,79,4.9533,-77.366,81.45,6.24
472,Bafoulabe,6,ML,2021-05-29 17:15:22,12,13.8065,-10.8321,107.55,2.28
473,Jerez,72,GT,2021-05-29 17:15:23,54,14.1,-89.75,84.06,1.59
474,Petatlan,70,MX,2021-05-29 17:15:23,44,17.5167,-101.2667,89.4,7.74
475,Praia Da Vitoria,40,PT,2021-05-29 17:15:23,68,38.7333,-27.0667,70.05,8.52
476,Port Pirie,0,AU,2021-05-29 17:15:24,54,-33.1833,138.0167,37.49,8.34
477,Port Arthur,0,CN,2021-05-29 17:15:24,77,38.8,121.2667,53.82,9.24
478,Bathsheba,20,BB,2021-05-29 17:15:24,51,13.2167,-59.5167,86.61,16.69
479,Goderich,31,CA,2021-05-29 17:15:25,29,43.7501,-81.7165,61.03,12.66
480,Coreau,53,BR,2021-05-29 17:15:25,54,-3.5333,-40.6567,87.37,5.28
481,Ust-Kuyga,7,RU,2021-05-29 17:15:25,58,70.0167,135.6,47.77,8.39
482,Miragoane,3,HT,2021-05-29 17:15:26,62,18.4423,-73.0876,83.75,2.37
483,Alta Floresta,11,BR,2021-05-29 17:15:26,43,-9.8756,-56.0861,86.74,3.56
484,Ulaangom,80,MN,2021-05-29 17:12:05,38,49.9811,92.0667,50.27,10.63
485,Valparaiso,0,CL,2021-05-29 17:15:27,59,-33.0393,-71.6273,68.23,6.91
486,Osijek,0,HR,2021-05-29 17:15:27,52,45.5511,18.6939,66.22,7.56
487,Half Moon Bay,40,US,2021-05-29 17:15:27,84,37.4636,-122.4286,65.91,9.22
488,Sotnikovo,81,RU,2021-05-29 17:15:28,75,51.8845,107.4791,39.29,6.71
489,Coruripe,53,BR,2021-05-29 17:11:21,59,-10.1256,-36.1756,81.81,10.29
490,Rantepao,63,ID,2021-05-29 17:15:28,98,-2.9701,119.8978,66.72,2.28
491,Rabo De Peixe,40,PT,2021-05-29 17:15:28,64,37.8,-25.5833,67.51,4.76
492,Oriximina,98,BR,2021-05-29 17:10:39,71,-1.7656,-55.8661,82.22,3.0
493,Mbandaka,96,CD,2021-05-29 17:15:29,81,0.0487,18.2603,76.73,5.14
494,Rundu,1,NA,2021-05-29 17:15:29,21,-17.9333,19.7667,65.26,3.89
495,Torbay,75,CA,2021-05-29 17:15:30,61,47.6666,-52.7314,56.28,16.11
496,Natal,40,BR,2021-05-29 17:14:14,54,-5.795,-35.2094,86.65,15.7
497,Boa Vista,75,BR,2021-05-29 17:15:30,58,2.8197,-60.6733,87.78,9.22
498,Yar-Sale,100,RU,2021-05-29 17:15:30,92,66.8333,70.8333,49.75,14.85
499,Asfi,93,MA,2021-05-29 17:15:31,70,32.2994,-9.2372,71.96,16.22
500,Polohy,55,UA,2021-05-29 17:15:31,93,47.4844,36.2536,62.83,7.63
501,Firminopolis,89,BR,2021-05-29 17:15:31,32,-16.5819,-50.305,87.55,7.58
502,Vila Franca Do Campo,74,PT,2021-05-29 17:15:32,71,37.7167,-25.4333,68.41,2.71
503,Santa Cruz Del Norte,2,CU,2021-05-29 17:15:32,61,23.1539,-81.9236,90.21,9.44
504,Sajanan,99,TN,2021-05-29 17:15:32,71,37.0573,9.2426,71.87,11.12
505,La Romana,33,DO,2021-05-29 17:15:33,63,18.4273,-68.9728,84.31,11.81
506,Cordoba,0,AR,2021-05-29 17:11:09,26,-31.4135,-64.1811,65.75,7.0
507,The Pas,90,CA,2021-05-29 17:15:33,66,53.8251,-101.2541,53.62,15.64
508,San Carlos De Bariloche,75,AR,2021-05-29 17:14:03,65,-41.1456,-71.3082,40.75,11.77
509,Anshun,100,CN,2021-05-29 17:15:34,93,26.25,105.9333,59.59,5.28
510,Tazovskiy,62,RU,2021-05-29 17:12:46,62,67.4667,78.7,39.88,15.37
511,Port Augusta,0,AU,2021-05-29 17:15:34,55,-32.5,137.7667,41.7,6.87
512,Saint-Ambroise,2,CA,2021-05-29 17:15:35,28,48.5501,-71.3324,57.58,3.65
513,Atambua,60,ID,2021-05-29 17:15:35,87,-9.1061,124.8925,70.43,4.94
514,Sovetskiy,82,RU,2021-05-29 17:15:35,84,61.3614,63.5842,58.96,5.23
515,Okhotsk,100,RU,2021-05-29 17:13:27,92,59.3833,143.3,35.53,10.56
516,Badulla,84,LK,2021-05-29 17:15:36,83,6.9895,81.0557,70.65,5.03
517,Mogadishu,51,SO,2021-05-29 17:11:38,84,2.0371,45.3438,78.6,14.2
518,Sabang,100,ID,2021-05-29 17:15:36,74,5.8933,95.3214,83.35,9.55
519,Kampot,14,KH,2021-05-29 17:15:36,85,10.6167,104.1833,80.65,5.79
520,Mglin,83,RU,2021-05-29 17:15:37,87,53.0591,32.8475,53.04,12.15
521,Kargopol,67,RU,2021-05-29 17:15:37,61,61.5071,38.9456,43.66,6.2
522,Eskil,28,TR,2021-05-29 17:15:37,42,38.4017,33.4131,65.73,12.84
523,Ixtapa,1,MX,2021-05-29 17:15:38,62,20.7,-105.2,85.23,4.61
524,Lindon,1,US,2021-05-29 17:14:38,27,40.3433,-111.7208,74.01,1.01
525,Shelbyville,90,US,2021-05-29 17:13:07,64,35.4834,-86.4603,62.42,3.0
526,Saint Anthony,1,US,2021-05-29 17:15:39,41,45.0205,-93.218,62.74,4.0
527,Barra Do Garcas,0,BR,2021-05-29 17:15:39,38,-15.89,-52.2567,91.98,4.88
528,Monroe,75,US,2021-05-29 17:15:39,62,43.1501,-77.6831,55.72,18.41
529,Sangar,85,RU,2021-05-29 17:15:40,60,63.9242,127.4739,50.23,7.56
530,Craig,1,US,2021-05-29 17:10:46,20,40.5153,-107.5464,72.36,0.0
531,Doctor Juan Leon Mallorquin,46,PY,2021-05-29 17:15:40,54,-25.4,-55.2667,80.33,4.79
532,Luang Prabang,86,LA,2021-05-29 17:15:41,92,19.8856,102.1347,76.08,2.51
533,Lata,0,PT,2021-05-29 17:15:41,54,40.1629,-8.3327,82.04,8.34
534,Gizo,100,SB,2021-05-29 17:15:41,92,-8.103,156.8419,76.35,1.95
535,Izberbash,63,RU,2021-05-29 17:15:42,72,42.5696,47.8645,69.85,1.92
536,Road Town,20,VG,2021-05-29 17:15:43,66,18.4167,-64.6167,86.09,9.22
537,Melilla,20,ES,2021-05-29 17:15:43,77,35.2937,-2.9383,73.6,6.91
538,Bucerias,1,MX,2021-05-29 17:15:43,62,20.75,-105.3333,85.98,6.4
539,Charters Towers,3,AU,2021-05-29 17:15:44,85,-20.1,146.2667,55.09,5.99
540,Ilhabela,33,BR,2021-05-29 17:15:44,52,-23.7781,-45.3581,87.66,5.14
541,Iracoubo,88,GF,2021-05-29 17:15:44,79,5.4802,-53.2011,81.19,9.35
542,Matara,83,LK,2021-05-29 17:15:45,89,5.9485,80.5353,78.75,11.95
543,Dakar,0,SN,2021-05-29 17:15:45,78,14.6937,-17.4441,81.48,16.11
544,Havre,0,FR,2021-05-29 17:15:45,63,49.5833,0.3333,70.23,12.17
545,Medicine Hat,92,CA,2021-05-29 17:13:36,42,50.0501,-110.6683,62.22,5.01
546,Juba,66,SS,2021-05-29 17:15:46,68,4.8517,31.5825,78.67,3.09
547,Cockburn Town,40,TC,2021-05-29 17:15:46,69,21.4612,-71.1419,82.36,9.22
548,North Bend,1,US,2021-05-29 17:13:36,73,43.4065,-124.2243,65.25,6.91
549,Ostersund,20,SE,2021-05-29 17:15:47,41,63.1792,14.6357,62.62,11.5
550,Jiayuguan,36,CN,2021-05-29 17:15:47,28,39.8167,98.3,67.71,4.59
551,Padang,100,ID,2021-05-29 17:11:21,76,-0.9492,100.3543,78.44,3.87
552,Grindavik,90,IS,2021-05-29 17:13:55,81,63.8424,-22.4338,48.67,28.95
553,Chebsara,100,RU,2021-05-29 17:15:48,58,59.2002,38.8356,49.33,10.49
554,Preobrazheniye,100,RU,2021-05-29 17:10:54,96,42.9019,133.9064,47.71,2.35
